Date,Symbol,Open,High,Low,Close,Volume,RSI,ATR,ATRMA,VWAP,wk_avg_vol_3mo,rel_vol_wk_3mo,p_rel_vol_wk_3mo,c_rel_vol_signal,p_rel_vol_signal,dp_date,dp_count,dp_volume,dp_spot_avg,dp_notional_value,prev_dp_count,prev_dp_volume,rel_low_VWAP_week,ATR_15day_avg,rel_ATR_15day_avg,prev_RSI_15day,prev_rel_low_VWAP_week,prev_rel_ATR_15day_avg,HL_change,OC_Change,HL_per_change,OC_per_change,prev_HL_per_change,prev_OC_per_change,Cc_Cp,close_change_v_prev,prev_OC_per_change
5/3/21,SPY,419.43,419.84,411.67,415.75,69893301,72.49423,7.295807,7.831776,415.7533,66665666.19,1.048415249,0.932177686,flat,flat,1/0/00,0,0,0,0,65,19026746,0.990178551,7.5637915,1.080146115,88.98351,0.995678854,0.585617978,8.17,-3.68,0.019459794,-0.008773812,0.0105058,-0.000335378,-0.003714354,flat,-0.000335378
4/26/21,SPY,417.44,420.72,416.3,417.3,63759080,88.98351,6.421614,8.673551,418.1067,68397989.94,0.932177686,1.192450343,flat,flat,4/26/21,65,19026746,417.232469,7938974400,125,41360813,0.995678854,7.5475825,0.585617978,88.34498,0.988912875,0.848385484,4.42,-0.14,0.0105058,-0.000335378,0.018314405,0.001153125,0.001343763,flat,0.001153125
4/19/21,SPY,416.26,418.25,410.59,416.74,79600380,88.34498,8.423227,9.634602,415.1933,66753622.44,1.192450343,0.952271095,flat,flat,4/19/21,125,41360813,414.810629,17159000000,104,34443764,0.988912875,9.0289145,0.848385484,91.6328,0.98814015,0.775530884,7.66,0.48,0.018314405,0.001153125,0.018448948,0.015601801,-0.001246225,flat,0.015601801
4/12/21,SPY,410.85,417.91,410.2,417.26,63436540,91.6328,9.186454,10.6967,415.1233,66616051.19,0.952271095,0.96872328,flat,flat,4/12/21,104,34443764,413.520976,14254000000,160,46440210,0.98814015,9.941577,0.775530884,88.45425,0.986628974,0.744455201,7.71,6.41,0.018448948,0.015601801,0.020137489,0.01990284,0.014022212,up_1,0.01990284
4/5/21,SPY,403.46,411.67,403.38,411.49,65701880,88.45425,10.66291,11.60841,408.8467,67823166.19,0.96872328,1.524434796,flat,up,4/5/21,160,46440210,404.84969,18803000000,179,67345312,0.986628974,11.13566,0.744455201,77.90112,0.986885411,0.68698367,8.29,8.03,0.020137489,0.01990284,0.019617141,0.015745436,0.027158583,up_2,0.015745436
3/29/21,SPY,394.4,400.67,392.81,400.61,99196700,77.90112,10.26582,12.61682,398.03,65071133.44,1.524434796,1.581069791,up,up,3/29/21,179,67345312,395.51869,26641000000,0,0,0.986885411,11.44132,0.68698367,70.16445,0.979095208,0.943696189,7.86,6.21,0.019617141,0.015745436,0.031558235,0.015255237,0.01169251,up_1,0.015255237
3/22/21,SPY,390.03,396.41,383.9,395.98,98518280,70.16445,12.67164,13.84113,392.0967,62311151.94,1.581069791,1.547611309,up,up,1/0/00,0,0,0,0,0,0,0.979095208,13.256385,0.943696189,55.62424,0.988678526,0.833332384,12.51,5.95,0.031558235,0.015255237,0.027554506,-0.012299343,0.016688919,up_1,-0.012299343
3/15/21,SPY,394.33,398.12,387.15,389.48,94849500,55.62424,12.83327,13.49476,391.5833,61287675.69,1.547611309,1.698818464,up,up,1/0/00,0,0,0,0,0,0,0.988678526,13.164015,0.833332384,72.13878,0.977056264,1.049175203,10.97,-4.85,0.027554506,-0.012299343,0.035966132,0.024437165,-0.011622596,dn_1,0.024437165
3/8/21,SPY,384.66,395.65,381.42,394.06,99516120,72.13878,14.69654,12.42953,390.3767,58579608.19,1.698818464,2.347807481,up,up,1/0/00,0,0,0,0,0,0,0.977056264,13.563035,1.049175203,49.27463,0.973142797,1.431732886,14.23,9.4,0.035966132,0.024437165,0.048705618,-0.005083119,0.027187655,up_2,-0.005083119
3/1/21,SPY,385.59,390.92,371.88,383.63,128071377,49.27463,15.16308,11.43406,382.1433,54549352.13,2.347807481,2.150105705,up,up,1/0/00,0,0,0,0,0,0,0.973142797,13.29857,1.431732886,38.77261,0.985983821,1.220746766,19.04,-1.96,0.048705618,-0.005083119,0.035693343,-0.017309978,0.008597119,flat,-0.017309978
2/22/21,SPY,387.06,392.23,378.23,380.36,109300838,38.77261,11.28616,11.65062,383.6067,50835099.75,2.150105705,1.203576539,up,flat,1/0/00,0,0,0,0,0,0,0.985983821,11.46839,1.220746766,65.51245,0.992559261,0.617792254,14,-6.7,0.035693343,-0.017309978,0.016312758,-0.009975632,-0.024792965,dn_2,-0.009975632
2/15/21,SPY,393.96,394.17,387.74,390.03,61683124,65.51245,8.572329,12.24373,390.6467,51249855.75,1.203576539,0.838980146,flat,flat,1/0/00,0,0,0,0,0,0,0.992559261,10.4080295,0.617792254,74.79407,0.991014884,0.464523521,6.43,-3.93,0.016312758,-0.009975632,0.013743955,0.00865723,-0.006647311,flat,0.00865723
2/8/21,SPY,389.27,392.9,387.5,392.64,45315360,74.79407,10.71466,12.53497,391.0133,54012434.31,0.838980146,1.026757369,flat,flat,1/0/00,0,0,0,0,0,0,0.991014884,11.624815,0.464523521,69.32062,0.969100591,1.272355348,5.4,3.37,0.013743955,0.00865723,0.046577599,0.037434443,0.01271569,up_1,0.037434443
2/1/21,SPY,373.72,388.47,370.376,387.71,57701480,69.32062,16.02931,12.41243,382.1853,56197775.38,1.026757369,1.614032376,flat,up,1/0/00,0,0,0,0,0,0,0.969100591,14.22087,1.272355348,36.35144,0.982760921,1.390493313,18.094,13.99,0.046577599,0.037434443,0.045561747,-0.035447129,0.047666658,up_2,-0.035447129
1/25/21,SPY,383.67,385.85,368.27,370.07,91476260,36.35144,13.65863,11.62736,374.73,56675604.13,1.614032376,0.934062528,up,flat,1/0/00,0,0,0,0,0,0,0.982760921,12.642995,1.390493313,75.77328,0.987480037,0.810798291,17.58,-13.6,0.045561747,-0.035447129,0.021301468,0.011999789,-0.033456958,dn_2,0.011999789
1/18/21,SPY,378.34,384.95,376.75,382.88,53290500,75.77328,9.737259,10.48972,381.5267,57052390.38,0.934062528,1.06047345,flat,flat,1/0/00,0,0,0,0,0,0,0.987480037,10.1134895,0.810798291,59.26722,0.991658867,0.693777849,8.2,4.54,0.021301468,0.011999789,0.019494661,-0.005690089,0.019110993,up_2,-0.005690089
1/11/21,SPY,377.85,381.13,373.7,375.7,61235400,59.26722,10.22452,11.19444,376.8433,57743454.13,1.06047345,1.514078865,flat,up,1/0/00,0,0,0,0,0,0,0.991658867,10.70948,0.693777849,91.42347,0.970635883,1.406873934,7.43,-2.15,0.019494661,-0.005690089,0.043697082,0.015853561,-0.014583224,dn_1,0.015853561
1/4/21,SPY,375.31,381.49,364.82,381.26,85015720,91.42347,12.88904,10.80889,375.8567,56150126.63,1.514078865,0.956358984,up,flat,1/0/00,0,0,0,0,0,0,0.970635883,11.848965,1.406873934,83.50317,0.993853774,0.402345876,16.67,5.95,0.043697082,0.015853561,0.010222602,0.005756712,0.019738954,up_2,0.005756712
12/28/20,SPY,371.74,374.66,370.83,373.88,55164176,83.50317,9.108073,9.930273,373.1233,57681453.25,0.956358984,0.916159151,flat,flat,1/0/00,0,0,0,0,0,0,0.993853774,9.519173,0.402345876,72.17598,0.978909229,1.431858191,3.83,2.14,0.010222602,0.005756712,0.043412778,0.011042003,0.013224932,up_1,0.011042003
12/21/20,SPY,364.97,378.46,362.03,369,54358576,72.17598,12.55615,10.39305,369.83,59333114.69,0.916159151,1.320992733,flat,flat,1/0/00,0,0,0,0,0,0,0.978909229,11.4746,1.431858191,73.41555,0.98851841,0.852453888,16.43,4.03,0.043412778,0.011042003,0.021451968,0.001464844,-0.000487567,flat,0.001464844
12/14/20,SPY,368.64,372.46,364.47,369.18,78473880,73.41555,8.682292,10.06359,368.7033,59405232.19,1.320992733,0.908448729,flat,flat,1/0/00,0,0,0,0,0,0,0.98851841,9.372941,0.852453888,67.45324,0.990160002,0.757854975,7.99,0.54,0.021451968,0.001464844,0.020994475,-0.007370874,0.007862408,flat,-0.007370874
12/7/20,SPY,369.02,371.05,363.26,366.3,56187040,67.45324,9.374583,11.18344,366.87,61849434.31,0.908448729,0.995919664,flat,flat,1/0/00,0,0,0,0,0,0,0.990160002,10.2790115,0.757854975,82.69396,0.98056185,0.881832031,7.79,-2.72,0.020994475,-0.007370874,0.028876572,0.019347904,-0.009598486,dn_1,0.019347904
11/30/20,SPY,362.83,369.85,359.17,369.85,63587280,82.69396,10.95917,13.26313,366.29,63847800.5,0.995919664,0.781869984,flat,down,1/0/00,0,0,0,0,0,0,0.98056185,12.11115,0.881832031,76.54298,0.983264294,0.688639809,10.68,7.02,0.028876572,0.019347904,0.025578011,0.017885132,0.016993428,up_1,0.017885132
11/23/20,SPY,357.28,364.18,354.865,363.67,49872800,76.54298,11.23833,15.815,360.905,63786564.25,0.781869984,1.092908077,down,flat,1/0/00,0,0,0,0,0,0,0.983264294,13.526665,0.688639809,65.51621,0.9908511,0.568924963,9.315,6.39,0.025578011,0.017885132,0.023788522,-0.015651837,0.02347114,up_2,-0.015651837
11/16/20,SPY,360.98,362.78,354.15,355.33,68319220,65.51621,13.16167,17.17625,357.42,62511405.5,1.092908077,1.488806313,flat,flat,1/0/00,0,0,0,0,113,44496793,0.9908511,15.16896,0.568924963,73.1279,0.979999905,0.812873525,8.63,-5.65,0.023788522,-0.015651837,0.038064658,-0.016127703,-0.007735269,flat,-0.016127703
11/9/20,SPY,363.97,364.38,350.51,358.1,89516617,73.1279,17.69334,16.43251,357.6633,60126435.69,1.488806313,1.616649257,flat,up,11/9/20,113,44496793,351.561952,15640000000,101,41238799,0.979999905,17.062925,0.812873525,65.45937,0.953505672,1.382302867,13.87,-5.87,0.038064658,-0.016127703,0.070842443,0.060448213,0.022675348,up_2,0.060448213
11/2/20,SPY,330.2,352.19,327.24,350.16,92666937,65.45937,21.16667,14.93251,343.1967,57320372.13,1.616649257,1.805764977,up,up,11/2/20,101,41238799,337.96408,14011000000,62,22322278,0.953505672,18.04959,1.382302867,20.42241,0.975486738,1.384117355,24.95,19.96,0.070842443,0.060448213,0.059420374,-0.045567474,0.07233417,up_2,-0.045567474
10/26/20,SPY,342.13,342.98,322.6,326.54,99121520,20.42241,16.68334,12.76503,330.7067,54891705.88,1.805764977,1.074658474,up,flat,10/26/20,62,22322278,334.976627,7474664724,41,11548522,0.975486738,14.724185,1.384117355,69.95522,0.986666891,0.801783506,20.38,-15.59,0.059420374,-0.045567474,0.024847565,-0.008231751,-0.055642316,dn_2,-0.008231751
10/19/20,SPY,348.65,349.33,340.65,345.78,59319080,69.95522,10.18668,11.46505,345.2533,55198075.88,1.074658474,1.297996197,flat,flat,10/19/20,41,11548522,344.778995,3979766834,129,50362219,0.986666891,10.825865,0.801783506,80.12293,0.98559027,0.913170791,8.68,-2.87,0.024847565,-0.008231751,0.030760974,-0.006579136,-0.004347951,flat,-0.006579136
10/12/20,SPY,349.59,354.02,343.13,347.29,72292420,80.12293,11.69336,12.1576,348.1467,55695402,1.297996197,1.058604073,flat,flat,10/12/20,129,50362219,349.364623,17591000000,37,11565982,0.98559027,11.92548,0.913170791,79.5454,0.975266873,1.022893653,10.89,-2.3,0.030760974,-0.006579136,0.037339859,0.032107362,0.00126856,flat,0.032107362
10/5/20,SPY,336.06,347.35,334.38,346.85,59522480,79.5454,12.49672,12.86271,342.86,56227329.5,1.058604073,1.410476723,flat,flat,10/5/20,37,11565982,340.347919,3937786086,131,45079172,0.975266873,12.679715,1.022893653,52.12574,0.98983831,0.611178907,12.97,10.79,0.037339859,0.032107362,0.022288481,0.001860633,0.038970764,up_2,0.001860633
9/28/20,SPY,333.22,338.74,331.19,333.84,79665402,52.12574,11.48344,13.22291,334.59,56481188.75,1.410476723,1.402540756,flat,flat,9/28/20,131,45079172,334.121892,15068000000,75,27443347,0.98983831,12.353175,0.611178907,26.23233,0.979249285,0.833098263,7.55,0.62,0.022288481,0.001860633,0.03442029,0.00930304,0.015544672,up_1,0.00930304
9/21/20,SPY,325.7,331.2,319.8,328.73,80785159,26.23233,12.95689,14.41083,326.5767,57599152.56,1.402540756,1.331851662,flat,flat,9/21/20,75,27443347,327.290755,8973463373,132,46612378,0.979249285,13.68386,0.833098263,30.34324,0.982259902,1.084326701,11.4,3.03,0.03442029,0.00930304,0.043986475,-0.020267267,-0.005806744,flat,-0.020267267
9/14/20,SPY,337.49,343.06,327.97,330.65,79627760,30.34324,14.51378,13.31916,333.8933,59787258.81,1.331851662,1.538073399,flat,up,9/14/20,132,46612378,337.293867,15703000000,90,31955958,0.982259902,13.91647,1.084326701,37.25616,0.985412325,0.92726949,15.09,-6.84,0.043986475,-0.020267267,0.033971515,-0.007870274,-0.010207747,dn_1,-0.007870274
9/7/20,SPY,336.71,342.64,331,334.06,95294274,37.25616,13.93755,11.16842,335.9,61956909.25,1.538073399,1.551103045,up,up,9/7/20,90,31955958,338.439239,10809000000,122,39188061,0.985412325,12.552985,0.92726949,59.99755,0.96952287,1.854790704,11.64,-2.65,0.033971515,-0.007870274,0.06656446,-0.022206365,-0.024841638,dn_2,-0.022206365
8/31/20,SPY,350.35,358.75,334.87,342.57,95561139,59.99755,16.2351,9.514436,345.3967,61608504.56,1.551103045,0.753799503,up,down,8/31/20,122,39188061,351.059023,13761000000,59,17775702,0.96952287,12.874768,1.854790704,97.2452,0.978477837,1.396551832,23.88,-7.78,0.06656446,-0.022206365,0.032132755,0.024728166,-0.022847852,dn_2,0.024728166
8/24/20,SPY,342.12,350.72,339.4504,350.58,48893020,97.2452,8.590206,7.548973,346.9168,64862101.69,0.753799503,0.7107971,down,down,8/24/20,59,17775702,344.398927,6123562437,61,22747446,0.978477837,8.0695895,1.396551832,93.5403,0.991364524,0.671198149,11.2696,8.46,0.032132755,0.024728166,0.013246203,0.004557022,0.032697066,up_2,0.004557022
8/17/20,SPY,337.94,339.72,335.22,339.48,47916680,93.5403,5.910812,7.498045,338.14,67412599.19,0.7107971,0.722137683,down,down,8/17/20,61,22747446,338.094616,7692058109,78,25062285,0.991364524,6.7044285,0.671198149,91.78944,0.988978583,0.794288521,4.5,1.54,0.013246203,0.004557022,0.018534941,0.005312481,0.007837549,flat,0.005312481
8/10/20,SPY,335.06,338.28,332.01,336.84,51357100,91.78944,7.321624,8.46609,335.71,71118155.5,0.722137683,0.654769156,down,down,8/10/20,78,25062285,335.526471,8411517022,46,15945565,0.988978583,7.893857,0.794288521,90.27911,0.985970536,0.798685107,6.27,1.78,0.018534941,0.005312481,0.021350932,0.019036306,0.006784828,flat,0.019036306
8/3/20,SPY,328.32,334.88,327.73,334.57,47769920,90.27911,8.373248,9.53118,332.3933,72956888,0.654769156,0.792250819,down,down,8/3/20,46,15945565,329.68993,5256104314,71,25114921,0.985970536,8.952214,0.798685107,82.79821,0.985742142,0.741433893,7.15,6.25,0.021350932,0.019036306,0.021400361,0.015203806,0.024653926,up_2,0.015203806
7/27/20,SPY,321.63,326.63,319.64,326.52,60262860,82.79821,8.386496,10.46886,324.2633,76065380.5,0.792250819,0.81888163,down,flat,7/27/20,71,25114921,322.63478,8106783173,73,22522503,0.985742142,9.427678,0.741433893,73.14524,0.990057435,0.712309809,6.99,4.89,0.021400361,0.015203806,0.024398741,-0.001711104,0.017576664,up_1,-0.001711104
7/20/20,SPY,321.43,327.23,319.246,320.88,64221000,73.14524,9.782992,12.63422,322.452,78425254.19,0.81888163,0.984354307,flat,flat,7/20/20,73,22522503,324.333733,7302534432,69,23206420,0.990057435,11.208606,0.712309809,77.46123,0.978301768,0.845914783,7.984,-0.55,0.024398741,-0.001711104,0.034175334,0.004966732,-0.002610966,flat,0.004966732
7/13/20,SPY,320.13,323.04,312,321.72,80249638,77.46123,11.58198,14.51994,318.92,81525155.56,0.984354307,0.766704622,flat,down,7/13/20,69,23206420,318.69749,7407906805,61,17573561,0.978301768,13.05096,0.845914783,72.0568,0.985087035,0.502769597,11.04,1.59,0.034175334,0.004966732,0.022650057,0.003856244,0.013004188,up_1,0.003856244
7/6/20,SPY,316.37,317.88,310.68,317.59,68033320,72.0568,12.12397,16.51738,315.3833,88734720.06,0.766704622,0.887320745,down,flat,7/6/20,61,17573561,314.813054,5532519361,50,15115018,0.985087035,14.320675,0.502769597,64.74204,0.967557233,0.942261613,7.2,1.22,0.022650057,0.003856244,0.053120051,0.035897946,0.017166832,up_1,0.035897946
6/29/20,SPY,301.41,315.7,298.93,312.23,83727150,64.74204,17.04794,18.54727,308.9533,94359509.19,0.887320745,0.939926671,flat,flat,6/29/20,50,15115018,304.356394,4603181500,87,26762799,0.967557233,17.797605,0.942261613,41.57113,0.982811144,0.848850562,16.77,10.82,0.053120051,0.035897946,0.047949126,-0.025780058,0.040593234,up_2,-0.025780058
6/22/20,SPY,307.99,314.5,299.42,300.05,98672580,41.57113,17.32587,18.20453,304.6567,104979019.1,0.939926671,0.981010295,flat,flat,6/22/20,87,26762799,307.651945,8232826257,120,43932674,0.982811144,17.7652,0.848850562,60.15971,0.96655871,1.029143829,15.08,-7.94,0.047949126,-0.025780058,0.059878342,0.035635192,-0.027831778,dn_2,0.035635192
6/15/20,SPY,298.02,315.64,296.74,308.64,114637460,60.15971,19.57175,17.15781,307.0067,116856531.1,0.981010295,1.01346166,flat,flat,6/15/20,120,43932674,309.072236,13608000000,131,39975546,0.96655871,18.36478,1.029143829,52.92219,0.967156831,1.369663742,18.9,10.62,0.059878342,0.035635192,0.076713769,-0.050234155,0.014562309,up_1,-0.050234155
6/8/20,SPY,320.3,323.41,298.6,304.21,130008681,52.92219,20.2435,15.98437,308.74,128281795.1,1.01346166,0.657851333,flat,down,6/8/20,131,39975546,312.172896,12521000000,114,37824631,0.967156831,18.113935,1.369663742,90.2538,0.963446204,1.169803214,24.81,-16.09,0.076713769,-0.050234155,0.056695977,0.051775245,-0.047378969,dn_2,0.051775245
6/1/20,SPY,303.62,321.275,303.06,319.34,89986664,90.2538,15.677,15.46499,314.5583,136788753.8,0.657851333,0.691251214,down,down,6/1/20,114,37824631,309.719527,11718000000,88,29916791,0.963446204,15.570995,1.169803214,81.71954,0.977685582,0.799529928,18.215,15.72,0.056695977,0.051775245,0.037072741,0.007915742,0.049355941,up_2,0.007915742
5/25/20,SPY,301.93,306.84,295.4646,304.32,100950574,81.71954,13.13899,15.31623,302.2082,146040356.9,0.691251214,0.611512343,down,down,5/25/20,88,29916791,299.570757,8951674903,95,29247292,0.977685582,14.22761,0.799529928,72.08538,0.989370243,0.38199155,11.3754,2.39,0.037072741,0.007915742,0.019874442,0.008155605,0.030056864,up_2,0.008155605
5/18/20,SPY,293.05,297.87,291.95,295.44,88724640,72.08538,14.87799,16.11746,295.0867,145090513.7,0.611512343,0.782363677,down,down,5/18/20,95,29247292,291.777852,8523187443,83,26320204,0.989370243,15.497725,0.38199155,56.21751,0.959531928,1.200704036,5.92,2.39,0.019874442,0.008155605,0.072219956,-0.013983605,0.031996647,up_2,-0.013983605
5/11/20,SPY,290.34,294.24,272.99,286.28,110646001,56.21751,18.16598,17.22992,284.5033,141425278.6,0.782363677,0.549375862,down,down,5/11/20,83,26320204,287.699936,7559813740,79,22920079,0.959531928,17.69795,1.200704036,75.44433,0.968618536,0.819169272,21.25,-4.06,0.072219956,-0.013983605,0.047175286,0.041675572,-0.02106415,dn_2,0.041675572
5/4/20,SPY,280.74,292.95,279.13,292.44,77189640,75.44433,15.08196,18.65954,288.1733,140504243.6,0.549375862,0.794098611,down,down,5/4/20,79,22920079,284.757386,6528216002,120,34954317,0.968618536,16.87075,0.819169272,61.79989,0.98297222,0.681585533,13.82,11.7,0.047175286,0.041675572,0.045306565,-0.008171998,0.034124262,up_2,-0.008171998
4/27/20,SPY,285.12,294.88,281.52,282.79,109998740,61.79989,16.34392,22.85879,286.3967,138520252.4,0.794098611,0.748162521,down,down,4/27/20,120,34954317,289.172967,10106000000,70,23607604,0.98297222,19.601355,0.681585533,62.22988,0.969444432,0.64527628,13.36,-2.33,0.045306565,-0.008171998,0.051505067,0.00127384,-0.00063611,flat,0.00127384
4/20/20,SPY,282.61,286.7912,272.02,282.97,101978979,62.22988,19.32783,26.45473,280.5937,136305917.8,0.748162521,0.981143829,down,flat,4/20/20,70,23607604,280.558057,6626119870,156,54973312,0.969444432,22.89128,0.64527628,68.72994,0.96318696,0.567362415,14.7712,0.36,0.051505067,0.00127384,0.05530804,0.034278704,-0.012803517,dn_1,0.034278704
4/13/20,SPY,277.14,287.3,271.41,286.64,129848060,68.72994,23.88447,32.12911,281.7833,132343552.7,0.981143829,1.476068998,flat,flat,4/13/20,156,54973312,279.555685,15381000000,138,43251411,0.96318696,28.00679,0.567362415,62.76747,0.921913489,0.972698065,15.89,9.5,0.05530804,0.034278704,0.117461593,0.078963698,0.030337886,up_2,0.078963698
4/6/20,SPY,257.84,281.2,248.1698,278.2,183386352,62.76747,31.87894,36.03566,269.1899,124239688.1,1.476068998,1.482369454,flat,flat,4/6/20,138,43251411,261.632758,11310000000,261,87273062,0.921913489,33.9573,0.972698065,32.05851,0.968600121,0.569594779,33.0302,20.36,0.117461593,0.078963698,0.073785744,-0.029370356,0.120915428,up_2,-0.029370356
3/30/20,SPY,255.7,263.33,243.9,248.19,173723776,32.05851,30.72767,37.49627,251.8067,117193305.3,1.482369454,2.61519739,flat,up,3/30/20,261,87273062,256.952498,22401000000,456,141221284,0.968600121,34.11197,0.569594779,35.45616,0.891487734,1.138324001,19.43,-7.51,0.073785744,-0.029370356,0.169482496,0.107701722,-0.020637677,dn_2,0.107701722
3/23/20,SPY,228.78,262.8,218.26,253.42,268584739,35.45616,42.02535,36.23005,244.8267,102701516.9,2.61519739,3.423523551,up,up,3/23/20,456,141221284,240.813085,34043000000,306,129917401,0.891487734,39.1277,1.138324001,3.289707,0.958442953,0.800406966,44.54,24.64,0.169482496,0.107701722,0.112417283,-0.051330956,0.107604895,up_2,-0.051330956
3/16/20,SPY,241.18,256.9,228.02,228.8,304677651,3.289707,39.51069,32.6526,237.9067,88995342.5,3.423523551,4.259414772,up,up,3/16/20,306,129917401,249.620574,32420000000,371,127522156,0.958442953,36.081645,0.800406966,7.259043,0.922435083,1.310055575,28.88,-12.38,0.112417283,-0.051330956,0.141549979,-0.021721758,-0.150452993,dn_2,-0.021721758
3/9/20,SPY,275.3,288.52,247.68,269.32,312812905,7.259043,37.72138,24.62712,268.5067,73440348.44,4.259414772,3.592457303,up,up,3/9/20,371,127522156,280.042455,35585000000,232,73053148,0.922435083,31.17425,1.310055575,16.4466,0.965791488,1.099701367,40.84,-5.98,0.141549979,-0.021721758,0.075229416,-0.002515006,-0.094600955,dn_2,-0.002515006
3/2/20,SPY,298.21,313.84,290.23,297.46,226098003,16.4466,25.66277,17.27616,300.51,62936865.75,3.592457303,4.979632146,up,up,3/2/20,232,73053148,304.27322,22225000000,324,105563087,0.965791488,21.469465,1.099701367,13.32796,0.935826073,2.342420958,23.61,-0.75,0.075229416,-0.002515006,0.143968008,-0.083183759,0.004050496,flat,-0.083183759
2/24/20,SPY,323.14,333.5623,285.54,296.26,248976224,13.32796,27.71554,13.28674,305.1208,49998918.94,4.979632146,1.497214177,up,flat,2/24/20,324,105563087,307.362218,32375000000,87,28036298,0.935826073,20.50114,2.342420958,58.40503,0.992637743,0.838483125,48.0223,-26.88,0.143968008,-0.083183759,0.019169518,-0.00900419,-0.111610891,dn_2,-0.00900419
2/17/20,SPY,336.51,339.08,332.58,333.48,73527149,58.40503,7.408776,8.095412,335.0467,49109305.88,1.497214177,1.061214553,flat,flat,2/17/20,87,28036298,336.901369,9443849334,59,22164160,0.992637743,7.752094,0.838483125,77.83049,0.986751449,0.864851319,6.5,-3.03,0.019169518,-0.00900419,0.020495682,0.01923135,-0.012203791,dn_1,0.01923135
2/10/20,SPY,331.23,338.12,331.19,337.6,52002240,77.83049,8.317553,7.708323,335.6367,49002569.63,1.061214553,1.293925768,flat,flat,2/10/20,59,22164160,335.902392,7445807105,78,30112470,0.986751449,8.012938,0.864851319,68.74802,0.979840543,1.300783856,6.93,6.37,0.020495682,0.01923135,0.032825638,0.027369723,0.016255268,up_1,0.027369723
2/3/20,SPY,323.35,334.19,323.22,332.2,62453080,68.74802,9.705106,7.161647,329.87,48266354.63,1.293925768,1.671084073,flat,up,2/3/20,78,30112470,328.676682,9895596814,40,12240535,0.979840543,8.4333765,1.300783856,33.5696,0.990834939,1.203029869,10.97,8.85,0.032825638,0.027369723,0.024039193,-0.004024394,0.032542815,up_2,-0.004024394
1/27/20,SPY,323.03,328.63,320.73,321.73,78254880,33.5696,6.950212,6.183294,323.6967,46828810.88,1.671084073,1.471442315,up,flat,1/27/20,40,12240535,326.72057,3998917748,67,31922290,0.990834939,6.566753,1.203029869,67.76044,0.992922816,0.978383672,7.9,-1.3,0.024039193,-0.004024394,0.016789308,-0.00643699,-0.021413146,dn_2,-0.00643699
1/20/20,SPY,330.9,332.95,327.36,328.77,66549625,67.76044,5.860423,5.566587,329.6933,45227478.06,1.471442315,1.503393369,flat,up,1/20/20,67,31922290,331.566125,10589000000,104,39835744,0.992922816,5.713505,0.978383672,97.7374,0.987586386,1.109042238,5.59,-2.13,0.016789308,-0.00643699,0.018845204,0.017034836,-0.009579756,dn_1,0.017034836
1/13/20,SPY,326.39,332.18,325.92,331.95,66450219,97.7374,6.130846,5.158174,330.0167,44200154.38,1.503393369,1.176296794,up,flat,1/13/20,104,39835744,329.049272,13119000000,72,20494802,0.987586386,5.64451,1.109042238,94.62907,0.987211488,1.319329732,6.26,5.56,0.018845204,0.017034836,0.021682038,0.01628756,0.019158147,up_2,0.01628756
1/6/20,SPY,320.49,327.46,320.36,325.71,53724519,94.62907,5.791693,4.971348,324.51,45672588.13,1.176296794,1.294557752,flat,flat,1/6/20,72,20494802,323.94096,6639419435,50,14251543,0.987211488,5.3815205,1.319329732,89.5842,0.992764587,0.995946665,7.1,5.22,0.021682038,0.01628756,0.014589553,-0.001672085,0.010235415,up_1,-0.001672085
12/30/19,SPY,322.95,324.89,320.15,322.41,60981651,89.5842,4.483386,5.035196,322.4833,47106164.94,1.294557752,0.744228408,flat,down,12/30/19,50,14251543,322.6359,4598593669,61,22738839,0.992764587,4.759291,0.995946665,97.948,0.994977056,0.597958919,4.74,-0.54,0.014589553,-0.001672085,0.008956146,0.003949128,-0.001393793,flat,0.003949128
12/23/19,SPY,321.59,323.8,320.9,322.86,36716125,97.948,4.226771,5.472892,322.52,49334484.69,0.744228408,1.764615267,down,up,12/23/19,61,22738839,321.633428,7311586777,160,103964565,0.994977056,4.8498315,0.597958919,97.09097,0.991462442,0.868299241,2.9,1.27,0.008956146,0.003949128,0.01465956,0.00473028,0.0066411,flat,0.00473028
12/16/19,SPY,319.22,321.9742,317.2542,320.73,85378860,97.09097,5.383543,5.488285,319.9861,48383838.44,1.764615267,1.323635864,up,flat,12/16/19,160,103964565,320.168411,33309000000,49,22859208,0.991462442,5.435914,0.868299241,94.75129,0.9890703,1.046087192,4.72,1.51,0.01465956,0.00473028,0.018388929,0.00915914,0.01074625,up_1,0.00915914
12/9/19,SPY,314.44,318.67,312.81,317.32,63933000,94.75129,6.047085,5.15657,316.2667,48301048.44,1.323635864,1.195102241,flat,flat,12/9/19,49,22859208,314.206216,7182245941,34,18319040,0.9890703,5.6018275,1.046087192,91.46224,0.98301512,1.487298417,5.86,2.88,0.018388929,0.00915914,0.025942723,0.000890047,0.007780989,flat,0.000890047
12/2/19,SPY,314.59,315.31,307.13,314.87,58042280,91.46224,6.234171,4.765639,312.4367,48566790.38,1.195102241,0.839970687,flat,flat,12/2/19,34,18319040,312.120359,5715177702,45,25904057,0.98301512,5.499905,1.487298417,90.56093,0.993809634,0.814463001,8.18,0.28,0.025942723,0.000890047,0.011094206,0.007468427,0.001781681,flat,0.007468427
11/25/19,SPY,311.98,315.48,311.98,314.31,41969075,90.56093,4.288341,4.306279,313.9233,49964928.13,0.839970687,1.16926296,flat,flat,11/25/19,45,25904057,313.916122,8131457724,37,28521845,0.993809634,4.29731,0.814463001,83.69714,0.994071147,0.844997637,3.5,2.33,0.011094206,0.007468427,0.011608942,-0.001829679,0.01077309,up_1,-0.001829679
11/18/19,SPY,311.53,312.69,309.06,310.96,59293340,83.69714,4.056682,4.535058,310.9033,50710013.06,1.16926296,0.93817975,flat,flat,11/18/19,37,28521845,311.560273,8890614161,52,27649651,0.994071147,4.29587,0.844997637,95.12219,0.990235256,0.966328628,3.63,-0.57,0.011608942,-0.001829679,0.014654951,0.01421508,-0.002662048,flat,0.01421508
11/11/19,SPY,307.42,311.84,307.27,311.79,50294460,95.12219,4.483364,4.975116,310.3,53608554.25,0.93817975,0.870533553,flat,flat,11/11/19,52,27649651,309.361517,8554507530,51,34752157,0.990235256,4.72924,0.966328628,92.90521,0.99300265,0.710753161,4.57,4.37,0.014654951,0.01421508,0.011593735,0.003540685,0.009225092,up_1,0.003540685
11/4/19,SPY,307.85,309.65,306.06,308.94,50673640,92.90521,4.396728,5.705232,308.2167,58209864.31,0.870533553,0.915536632,flat,flat,11/4/19,51,34752157,307.012245,10663000000,33,16704543,0.99300265,5.05098,0.710753161,89.89796,0.990295933,0.722622959,3.59,1.09,0.011593735,0.003540685,0.014566119,0.010563148,0.009146142,up_1,0.010563148
10/28/19,SPY,302.94,306.19,301.73,306.14,55254180,89.89796,5.203457,7.140463,304.6867,60351686.75,0.915536632,0.673782041,flat,down,10/28/19,33,16704543,303.139539,5063510108,24,11572449,0.990295933,6.17196,0.722622959,81.35538,0.992452579,0.523200112,4.46,3.2,0.014566119,0.010563148,0.012260093,0.007280743,0.01505305,up_1,0.007280743
10/21/19,SPY,299.42,302.2,298.495,301.6,40928300,81.35538,5.816914,8.345927,300.765,60744124.25,0.673782041,0.82481654,down,flat,10/21/19,24,11572449,299.7469,3468841140,32,14808192,0.992452579,7.0814205,0.523200112,66.05414,0.992089665,0.587442406,3.705,2.18,0.012260093,0.007280743,0.015554223,0.006893522,0.012182434,up_1,0.006893522
10/14/19,SPY,295.93,300.24,295.57,297.97,50013040,66.05414,7.403828,8.495603,297.9267,60635350.5,0.82481654,1.315129328,flat,flat,10/14/19,32,14808192,298.419344,4417919015,34,18322349,0.992089665,7.9497155,0.587442406,54.45225,0.979581553,1.11095353,4.67,2.04,0.015554223,0.006893522,0.034310772,0.009575084,0.005704064,flat,0.009575084
10/7/19,SPY,293.47,298.74,288.49,296.28,77283459,54.45225,10.13766,8.314957,294.5033,58764911.81,1.315129328,1.468048929,flat,flat,10/7/19,34,18322349,292.622818,5364329857,62,31039846,0.979581553,9.2263085,1.11095353,38.43164,0.973604789,1.528461243,10.25,2.81,0.034310772,0.009575084,0.045685279,-0.005473528,0.00655682,flat,-0.005473528
9/30/19,SPY,295.97,298.455,284.82,294.35,83918880,38.43164,10.02531,7.816163,292.5417,57163544.31,1.468048929,1.288815519,flat,flat,9/30/19,62,31039846,293.243569,9103964810,24,10566934,0.973604789,8.9207365,1.528461243,44.05132,0.991157909,0.867774026,13.635,-1.62,0.045685279,-0.005473528,0.020510939,-0.007225676,-0.003554502,flat,-0.007225676
9/23/19,SPY,297.55,299.84,293.69,295.4,72369241,44.05132,6.41562,7.758577,296.31,56151745.5,1.288815519,1.23522773,flat,flat,9/23/19,24,10566934,297.264875,3141667255,73,39888462,0.991157909,7.0870985,0.867774026,60.12876,0.993220679,0.680423119,6.15,-2.15,0.020510939,-0.007225676,0.017248786,-0.005202775,-0.009655357,dn_1,-0.005202775
9/16/19,SPY,299.84,302.63,297.41,298.28,70168520,60.12876,6.681241,8.662153,299.44,56806140.5,1.23522773,1.113221603,flat,flat,9/16/19,73,39888462,300.728367,11991000000,53,27573420,0.993220679,7.671697,0.680423119,78.84705,0.987093116,0.729139176,5.22,-1.56,0.017248786,-0.005202775,0.021457383,0.006518687,-0.009332758,dn_1,0.006518687
9/9/19,SPY,299.14,302.46,295.97,301.09,62608360,78.84705,8.142482,9.659332,299.84,56240698,1.113221603,1.088983149,flat,flat,9/9/19,53,27573420,299.378983,8257084770,26,12406603,0.987093116,8.900907,0.729139176,72.72268,0.97930384,0.94941797,6.49,1.95,0.021457383,0.006518687,0.031991433,0.025742506,0.010199631,up_1,0.025742506
9/2/19,SPY,290.57,298.83,289.27,298.05,62294151,72.72268,9.794964,10.34369,295.3833,57203962.31,1.088983149,1.105553602,flat,flat,9/2/19,26,12406603,294.095258,3648446534,32,15891963,0.97930384,10.069327,0.94941797,57.67278,0.981432434,0.880291293,9.56,7.48,0.031991433,0.025742506,0.03055296,0.018031817,0.019148572,up_2,0.018031817
8/26/19,SPY,287.27,294.2399,285.25,292.45,64339279,57.67278,10.02993,10.3949,290.6466,58196435.63,1.105553602,1.235494524,flat,flat,8/26/19,32,15891963,288.4529,4581941683,30,14988717,0.981432434,10.212415,0.880291293,15.48244,0.986268369,1.016408289,8.9899,5.18,0.03055296,0.018031817,0.035586704,-0.025120641,0.026680709,up_2,-0.025120641
8/19/19,SPY,292.19,293.93,283.47,284.85,71214699,15.48244,10.66995,9.91233,287.4167,57640643.19,1.235494524,1.687381652,flat,up,8/19/19,30,14988717,291.542537,4369797195,33,15771894,0.986268369,10.29114,1.016408289,23.80971,0.978946022,1.212554267,10.46,-7.34,0.035586704,-0.025120641,0.039979602,-0.003828114,-0.013848018,dn_1,-0.003828114
8/12/19,SPY,289.96,294.15,282.39,288.85,96671119,23.80971,10.87991,8.51716,288.4633,57290606.94,1.687381652,2.199334148,up,up,8/12/19,33,15771894,288.571418,4551131759,80,41405766,0.978946022,9.698535,1.212554267,31.67484,0.974854552,1.396374601,11.76,-1.11,0.039979602,-0.003828114,0.040528574,0.012253115,-0.009498663,dn_1,0.012253115
8/5/19,SPY,288.09,293.62,281.72,291.62,124294601,31.67484,9.999818,7.044319,288.9867,56514650.63,2.199334148,1.625808825,up,up,8/5/19,80,41405766,288.859405,11960000000,49,20184815,0.974854552,8.5220685,1.396374601,34.41057,0.985600542,1.572258125,11.9,3.53,0.040528574,0.012253115,0.036531646,-0.03067444,-0.003417401,flat,-0.03067444
7/29/19,SPY,301.88,301.93,290.9,292.62,89523339,34.41057,8.099637,5.931138,295.15,55063878.13,1.625808825,0.854322423,up,flat,7/29/19,49,20184815,297.699739,6007182297,33,13644723,0.985600542,7.0153875,1.572258125,74.91477,0.988727034,0.99267923,11.03,-9.26,0.036531646,-0.03067444,0.017172352,0.014784449,-0.031091686,dn_2,0.014784449
7/22/19,SPY,297.61,302.23,297.04,302.01,47207300,74.91477,5.089274,5.367276,300.4267,55257006.88,0.854322423,0.864887296,flat,flat,7/22/19,33,13644723,299.214327,4080369257,35,15381865,0.988727034,5.228275,0.99267923,57.87679,0.994525251,0.839762747,5.19,4.4,0.017172352,0.014784449,0.014711254,-0.013150467,0.016286974,up_1,-0.013150467
7/15/19,SPY,301.13,301.13,296.7,297.17,48272660,57.87679,4.988547,5.562052,298.3333,55813815.56,0.864887296,0.837156946,flat,flat,7/15/19,35,15381865,299.588689,4609536218,32,20252065,0.994525251,5.2752995,0.839762747,85.81571,0.988381797,0.894572501,4.43,-3.96,0.014711254,-0.013150467,0.01745752,0.01225548,-0.011574921,dn_1,0.01225548
7/8/19,SPY,297.01,300.73,295.48,300.65,47356440,85.81571,5.547095,6.190355,298.9533,56568174.25,0.837156946,1.030091634,flat,flat,7/8/19,32,20252065,297.766653,6037929441,24,17087951,0.988381797,5.868725,0.894572501,82.2135,0.990332207,0.711776267,5.25,3.64,0.01745752,0.01225548,0.015025768,0.00599973,0.007337667,flat,0.00599973
7/1/19,SPY,296.68,298.82,294.33,298.46,58297000,82.2135,5.844189,6.772135,297.2033,56593994.25,1.030091634,0.974727336,flat,flat,7/1/19,24,17087951,296.595267,5073864625,51,25481850,0.990332207,6.308162,0.711776267,69.22198,0.992151836,0.597359179,4.49,1.78,0.015025768,0.00599973,0.0143764,-0.004180403,0.018634812,up_2,-0.004180403
6/24/19,SPY,294.23,294.58,290.345,293,56180460,69.22198,5.868379,8.310695,292.6417,57637103.13,0.974727336,1.388212396,flat,flat,6/24/19,51,25481850,292.763276,7460519008,70,43541453,0.992151836,7.089537,0.597359179,75.99994,0.986413365,0.869184518,4.235,-1.23,0.0143764,-0.004180403,0.024060332,0.015473888,-0.003401361,flat,0.015473888
6/17/19,SPY,289.52,296.3093,289.18,294,80638840,75.99994,7.501757,8.902815,293.1631,58088258.13,1.388212396,0.901423004,flat,flat,6/17/19,70,43541453,292.705423,12753000000,43,19871800,0.986413365,8.202286,0.869184518,65.24676,0.994208124,0.42697582,7.1293,4.48,0.024060332,0.015473888,0.012302677,-0.000380136,0.016386642,up_1,-0.000380136
6/10/19,SPY,289.37,291.4,287.815,289.26,53561280,65.24676,7.874215,8.918305,289.4917,59418585.69,0.901423004,1.298817556,flat,flat,6/10/19,43,19871800,288.871642,5740071094,36,16208723,0.994208124,8.39626,0.42697582,61.32269,0.964312084,1.491009478,3.585,-0.11,0.012302677,-0.000380136,0.054561191,0.0448222,0.00559708,flat,0.0448222
6/3/19,SPY,275.31,288.85,273.09,287.65,77706380,61.32269,11.99843,9.14161,283.1967,59828556.88,1.298817556,1.360755739,flat,flat,6/3/19,36,16208723,280.882275,4550526806,35,20629436,0.964312084,10.57002,1.491009478,8.168703,0.989289052,1.083771723,15.76,12.34,0.054561191,0.0448222,0.031356678,-0.027623724,0.044974026,up_2,-0.027623724
5/27/19,SPY,283.09,284.15,275.24,275.27,80218852,8.168703,8.236858,8.205719,278.22,58951691.13,1.360755739,1.049169914,flat,flat,5/27/19,35,20629436,279.569857,5773580815,29,14244068,0.989289052,8.2212885,1.083771723,18.38912,0.989920851,0.853396023,8.91,-7.82,0.031356678,-0.027623724,0.022165685,-0.00450609,-0.026557748,dn_2,-0.00450609
5/20/19,SPY,284.06,286.93,280.57,282.78,62322020,18.38912,7.563717,7.341438,283.4267,59401264.94,1.049169914,1.555883606,flat,up,5/20/19,29,14244068,284.672476,4054143923,42,20303224,0.989920851,7.4525775,0.853396023,27.85657,0.982233617,1.217024441,6.36,-1.28,0.022165685,-0.00450609,0.032087411,0.012109624,-0.01070529,dn_1,0.012109624
5/13/19,SPY,282.42,289.21,279.93,285.84,91070539,27.85657,8.767434,6.482876,284.9933,58533002.5,1.555883606,1.991993338,up,up,5/13/19,42,20303224,285.451207,5795906883,59,33385197,0.982233617,7.625155,1.217024441,37.31594,0.980537562,1.630432489,9.28,3.42,0.032087411,0.012109624,0.037537077,-0.003975799,-0.007844498,flat,-0.003975799
5/6/19,SPY,289.25,293.31,282.3,288.1,111879300,37.31594,8.254867,5.250752,287.9033,56164495.06,1.991993338,1.154332864,up,flat,5/6/19,59,33385197,290.507668,9701568978,72,52325501,0.980537562,6.7528095,1.630432489,91.91225,0.988685372,1.181078213,11.01,-1.15,0.037537077,-0.003975799,0.0184099,0.00177166,-0.02016801,dn_2,0.00177166
4/29/19,SPY,293.51,294.95,289.52,294.03,66310979,91.91225,4.779734,4.415254,292.8333,57445283.81,1.154332864,0.839829584,flat,flat,4/29/19,72,52325501,293.420643,15358000000,39,20885588,0.988685372,4.597494,1.181078213,90.9938,0.989999658,0.997323135,5.43,0.52,0.0184099,0.00177166,0.015060138,0.014662655,0.002113084,flat,0.014662655
4/22/19,SPY,289.17,293.49,289.07,293.41,50297360,90.9938,4.129469,4.734258,291.99,59889959.75,0.839829584,0.921715106,flat,flat,4/22/19,39,20885588,291.733995,6091454399,56,29639296,0.989999658,4.4318635,0.997323135,84.63244,0.995259193,0.612321458,4.42,4.24,0.015060138,0.014662655,0.009487861,-0.000757993,0.011688849,up_1,-0.000757993
4/15/19,SPY,290.24,291.425,288.66,290.02,57181599,84.63244,3.838938,5.192266,290.035,62038257.38,0.921715106,0.925412625,flat,flat,4/15/19,56,29639296,289.873198,8591853019,53,32839175,0.995259193,4.515602,0.612321458,86.3109,0.991664072,0.696461357,2.765,-0.22,0.009487861,-0.000757993,0.012978965,0.007150295,-0.000482492,flat,0.007150295
4/8/19,SPY,288.1,290.47,286.7,290.16,59426179,86.3109,4.912875,5.913282,289.11,64215872.38,0.925412625,0.847614198,flat,flat,4/8/19,53,32839175,288.196315,9464181215,50,28133623,0.991664072,5.4130785,0.696461357,83.89216,0.990250696,0.671305179,3.77,2.06,0.012978965,0.007150295,0.014655441,0.013593256,0.005509928,flat,0.013593256
4/1/19,SPY,284.7,288.63,284.4,288.57,58710120,83.89216,6.055751,6.546565,287.2,69265144.63,0.847614198,0.962250294,flat,flat,4/1/19,50,28133623,286.29004,8057411240,56,26542063,0.990250696,6.301158,0.671305179,70.65037,0.988089472,0.81651047,4.23,3.87,0.014655441,0.013593256,0.018384953,0.0129451,0.021559048,up_2,0.0129451
3/25/19,SPY,278.87,282.84,277.64,282.48,72870202,70.65037,5.961501,6.775629,280.9867,75728947.5,0.962250294,1.058294316,flat,flat,3/25/19,56,26542063,279.807293,7425928332,53,25746267,0.988089472,6.368565,0.81651047,58.62334,0.99280485,0.913814986,5.2,3.61,0.018384953,0.0129451,0.021039344,-0.008169064,0.011566697,up_1,-0.008169064
3/18/19,SPY,281.55,285.18,279.18,279.25,87857320,58.62334,6.723002,6.408759,281.2033,83017851.19,1.058294316,0.873897194,flat,flat,3/18/19,53,25746267,282.083102,7264674323,81,50741355,0.99280485,6.5658805,0.913814986,70.99255,0.984229724,1.062129132,6,-2.3,0.021039344,-0.008169064,0.02532049,0.02197922,-0.007322882,flat,0.02197922
3/11/19,SPY,275.26,282.38,275.23,281.31,74846521,70.99255,7.446005,6.017518,279.64,85646826.13,0.873897194,0.931349702,flat,flat,3/11/19,81,50741355,280.041525,14208000000,65,33552586,0.984229724,6.7317615,1.062129132,45.50145,0.986135747,1.459088209,7.15,6.05,0.02532049,0.02197922,0.033526094,-0.025355114,0.0249581,up_2,-0.025355114
3/4/19,SPY,281.6,281.87,272.42,274.46,84265919,45.50145,6.972009,5.981286,276.25,90477206.19,0.931349702,0.718382204,flat,down,3/4/19,65,33552586,277.167888,9308154598,51,26208211,0.986135747,6.4766475,1.459088209,92.80972,0.991932771,0.726904185,9.45,-7.14,0.033526094,-0.025355114,0.013614873,-0.001104264,-0.021253834,dn_2,-0.001104264
2/25/19,SPY,280.73,281.31,277.48,280.42,66189000,92.80972,4.494019,6.043821,279.7367,92136191.06,0.718382204,0.744459679,down,down,2/25/19,51,26208211,279.685476,7330401872,42,26474998,0.991932771,5.26892,0.726904185,91.55216,0.993040505,0.490765391,3.83,-0.31,0.013614873,-0.001104264,0.010792526,0.009620949,0.004585513,flat,0.009620949
2/18/19,SPY,276.48,279.36,276.345,279.14,69515201,91.55216,5.158038,7.128892,278.2817,93376717.38,0.744459679,0.80507306,down,flat,2/18/19,42,26474998,277.821724,7358882585,53,29868749,0.993040505,6.143465,0.490765391,89.92825,0.982153347,0.970726289,3.015,2.66,0.010792526,0.009620949,0.026603223,0.022750737,0.006381368,flat,0.022750737
2/11/19,SPY,271.2,277.41,270.03,277.37,77178340,89.92825,7.301076,7.904034,274.9367,95865013.81,0.80507306,0.769441577,flat,down,2/11/19,53,29868749,273.917091,8179462090,41,21427193,0.982153347,7.602555,0.970726289,79.87363,0.989836647,0.704764086,7.38,6.17,0.026603223,0.022750737,0.020516384,0.00133279,0.025511147,up_2,0.00133279
2/4/19,SPY,270.11,273.44,267.83,270.47,73983181,79.87363,7.222152,8.698069,270.58,96151784.88,0.769441577,0.876094383,down,flat,2/4/19,41,21427193,271.50082,5817195749,73,36155484,0.989836647,7.9601105,0.704764086,79.04494,0.977984058,1.027127743,5.61,0.36,0.020516384,0.00133279,0.03469764,0.025323665,0.001518181,flat,0.025323665
1/28/19,SPY,263.39,271.2,261.79,270.06,86803599,79.04494,8.834303,9.488637,267.6833,99080191.19,0.876094383,0.869602691,flat,flat,1/28/19,73,36155484,266.056966,9620946006,23,10547576,0.977984058,9.16147,1.027127743,70.62866,0.985929344,0.640394347,9.41,6.67,0.03469764,0.025323665,0.022647169,0.003625104,0.016103544,up_1,0.003625104
1/21/19,SPY,264.82,266.7,260.66,265.78,89412175,70.62866,8.258607,10.60477,264.38,102819570.3,0.869602691,0.874716405,flat,flat,1/21/19,23,10547576,264.038052,2786338171,107,48953081,0.985929344,9.4316885,0.640394347,73.76675,0.973893901,0.907032981,6.04,0.96,0.022647169,0.003625104,0.039590981,0.037374445,-0.002551978,flat,0.037374445
1/14/19,SPY,256.86,266.98,256.41,266.46,91554361,73.76675,10.47721,12.82955,263.2833,104667479,0.874716405,0.863171605,flat,flat,1/14/19,107,48953081,262.184584,12835000000,101,48050009,0.973893901,11.65338,0.907032981,61.08829,0.980826936,0.603306556,10.57,9.6,0.039590981,0.037374445,0.028823893,0.02489216,0.028882539,up_2,0.02489216
1/7/19,SPY,252.69,259.16,251.69,258.98,94268019,61.08829,10.38443,14.3791,256.61,109211214.2,0.863171605,1.323682304,flat,flat,1/7/19,101,48050009,255.85716,12293000000,86,43909192,0.980826936,12.381765,0.603306556,45.66451,0.975759971,0.66827009,7.47,6.29,0.028823893,0.02489216,0.037296037,0.011339958,0.026110385,up_2,0.011339958
12/31/18,SPY,249.56,253.11,243.67,252.39,139498476,45.66451,13.29885,14.9532,249.7233,105386674.4,1.323682304,1.795147147,flat,up,12/31/18,86,43909192,247.265309,10853000000,120,69606389,0.975759971,14.126025,0.66827009,33.24391,0.956843399,1.084484009,9.44,2.83,0.037296037,0.011339958,0.070167064,0.036437416,0.018728557,up_2,0.036437416
12/24/18,SPY,239.04,251.4,233.76,247.75,176291048,33.24391,17.15771,15.37389,244.3033,98204232.63,1.795147147,2.266006847,up,up,12/24/18,120,69606389,239.197987,16645000000,124,62770455,0.956843399,16.2658,1.084484009,13.12925,0.971146453,1.343922603,17.64,8.71,0.070167064,0.036437416,0.079301746,-0.072089437,0.029289572,up_2,-0.072089437
12/17/18,SPY,259.4,260.65,239.98,240.7,204479779,13.12925,16.67541,14.08529,247.11,90237935.19,2.266006847,1.355253734,up,flat,12/17/18,124,62770455,252.523649,15821000000,40,20630605,0.971146453,15.38035,1.343922603,30.06543,0.984481343,0.81921283,20.67,-18.7,0.079301746,-0.072089437,0.038587361,-0.011011125,-0.075901255,dn_2,-0.011011125
12/10/18,SPY,263.37,269,258.62,260.47,116910120,30.06543,12.68082,12.66058,262.6967,86264377.69,1.355253734,2.009902632,flat,up,12/10/18,40,20630605,264.965805,5464918931,42,24968400,0.984481343,12.6707,0.81921283,34.75154,0.9763273,1.315977476,10.38,-2.9,0.038587361,-0.011011125,0.064051355,-0.059618952,-0.011761581,dn_1,-0.059618952
12/3/18,SPY,280.28,280.4,262.44,263.57,161552000,34.75154,14.98164,12.31366,268.8033,80378023,2.009902632,1.185187384,up,flat,12/3/18,42,24968400,271.910205,6772744843,81,39059362,0.9763273,13.64765,1.315977476,58.39724,0.97399892,0.929853042,17.96,-16.71,0.064051355,-0.059618952,0.03959751,0.037135977,-0.043823689,dn_2,0.037135977
11/26/18,SPY,265.78,276.28,265.34,275.65,92732758,58.39724,12.00328,11.52732,272.4233,78243119.38,1.185187384,1.177503407,flat,flat,11/26/18,81,39059362,270.784162,10572000000,64,31720839,0.97399892,11.7653,0.929853042,22.14607,0.986882458,0.898330117,10.94,9.87,0.03959751,0.037135977,0.037713073,-0.035890862,0.047103514,up_2,-0.035890862
11/19/18,SPY,273.05,273.38,263.07,263.25,89363622,22.14607,10.97657,11.97713,266.5667,75892453,1.177503407,1.6041208,flat,up,11/19/18,64,31720839,266.831072,8469899586,79,43747850,0.986882458,11.47685,0.898330117,43.50576,0.97901503,0.88625378,10.31,-9.8,0.037713073,-0.035890862,0.037663087,-0.012482413,-0.038285902,dn_2,-0.012482413
11/12/18,SPY,277.19,277.46,267.01,273.73,116991083,43.50576,11.29314,12.28927,272.7333,72931591.56,1.6041208,1.106801948,up,flat,11/12/18,79,43747850,272.121538,11897000000,37,18690065,0.97901503,11.791205,0.88625378,57.7964,0.98039322,0.834767253,10.45,-3.46,0.037663087,-0.012482413,0.035097077,0.019527235,-0.014508929,dn_1,0.019527235
11/5/18,SPY,272.44,281.22,271.35,277.76,78571518,57.7964,11.83628,11.81103,276.7767,70989681.69,1.106801948,2.01200967,flat,up,11/5/18,37,18690065,276.964695,5178704855,87,43193227,0.98039322,11.823655,0.834767253,38.02996,0.966021042,1.200056804,9.87,5.32,0.035097077,0.019527235,0.055880536,0.011495536,0.021589613,up_2,0.011495536
10/29/18,SPY,268.8,275.23,259.85,271.89,133658100,38.02996,13.80255,11.82957,268.99,66430147.94,2.01200967,2.438170174,up,up,10/29/18,87,43193227,268.40922,11594000000,61,31478983,0.966021042,12.81606,1.200056804,4.816369,0.977502425,1.374107457,15.38,3.09,0.055880536,0.011495536,0.054333718,-0.042129964,0.024723929,up_2,-0.042129964
10/22/18,SPY,277,277.36,262.29,265.33,149242241,4.816369,12.2251,9.709138,268.3267,61210756.56,2.438170174,2.115579332,up,up,10/22/18,61,31478983,270.594856,8514825858,101,58104796,0.977502425,10.967119,1.374107457,11.88602,0.989419381,0.808451183,15.07,-11.67,0.054333718,-0.042129964,0.024364218,0.002540374,-0.039529412,dn_2,0.002540374
10/15/18,SPY,275.55,281.15,274.3,276.25,121120900,11.88602,9.380207,7.565776,277.2333,57251882.81,2.115579332,3.311831739,up,up,10/15/18,101,58104796,277.128039,16107000000,138,78744969,0.989419381,8.4729915,0.808451183,9.451771,0.971155573,2.02745714,6.85,0.7,0.024364218,0.002540374,0.064044866,-0.038669221,0.001087153,flat,-0.038669221
10/8/18,SPY,287.05,288.86,270.36,275.95,166967782,9.451771,11.91041,6.339051,278.39,50415538.94,3.311831739,1.594756467,up,up,10/8/18,138,78744969,279.996396,22032000000,51,26955349,0.971155573,9.1247305,2.02745714,34.84104,0.990095242,1.44251158,18.5,-11.1,0.064044866,-0.038669221,0.023839569,-0.014686248,-0.041241053,dn_2,-0.014686248
10/1/18,SPY,292.11,293.21,286.22,287.82,78305840,34.84104,5.320827,4.370603,289.0833,49102067.69,1.594756467,1.195403832,up,flat,10/1/18,51,26955349,291.191761,7850654084,31,17153674,0.990095242,4.845715,1.44251158,61.94129,0.995254307,0.741166565,6.99,-4.29,0.023839569,-0.014686248,0.009683822,-0.002128098,-0.009975234,dn_1,-0.002128098
9/24/18,SPY,291.34,292.24,289.41,290.72,61371979,61.94129,3.651655,3.984955,290.79,51339955.06,1.195403832,1.519858846,flat,up,9/24/18,31,17153674,290.883655,4990348649,123,74771209,0.995254307,3.818305,0.741166565,80.14029,0.991005416,1.150627848,2.83,-0.62,0.009683822,-0.002128098,0.016704089,0.004023107,-0.004349464,flat,0.004023107
9/17/18,SPY,290.82,293.94,289.03,291.99,77019020,80.14029,4.47331,4.061161,291.6533,50675113.81,1.519858846,1.01713601,up,flat,9/17/18,123,74771209,291.813625,21830000000,36,19606831,0.991005416,4.2672355,1.150627848,76.03809,0.990565338,1.087315484,4.91,1.17,0.016704089,0.004023107,0.014745769,0.007411512,0.003816007,flat,0.007411512
9/10/18,SPY,288.74,291.27,286.975,290.88,53333200,76.03809,4.036619,3.863572,289.7083,52434678.81,1.01713601,1.294872215,flat,flat,9/10/18,36,19606831,289.202903,5667303316,31,14358044,0.990565338,3.9500955,1.087315484,59.59786,0.994922153,0.894954006,4.295,2.14,0.014745769,0.007411512,0.012060232,-0.007728402,0.011404729,up_1,-0.007728402
9/3/18,SPY,289.84,290.21,286.71,287.6,67370325,59.59786,3.778238,4.043393,288.1733,52028550.94,1.294872215,1.087890027,flat,flat,9/3/18,31,14358044,289.1524,4151481614,68,38061615,0.994922153,3.9108155,0.894954006,95.80291,0.994613829,0.757120083,3.5,-2.24,0.012060232,-0.007728402,0.010488791,0.005019733,-0.009334849,dn_1,0.005019733
8/27/18,SPY,288.86,291.74,288.68,290.31,58574300,95.80291,3.956476,4.126786,290.2433,53842115.06,1.087890027,0.950312885,flat,flat,8/27/18,68,38061615,289.77586,11029000000,40,18633538,0.994613829,4.041631,0.757120083,92.78302,0.994117805,0.655447383,3.06,1.45,0.010488791,0.005019733,0.009072896,0.006793431,0.009738792,up_1,0.006793431
8/20/18,SPY,285.57,287.67,285.06,287.51,51752960,92.78302,3.682953,4.281073,286.7467,54458863.81,0.950312885,1.28763066,flat,flat,8/20/18,40,18633538,286.02829,5329133579,31,23004256,0.994117805,3.982013,0.655447383,87.56292,0.987893579,1.164037702,2.61,1.94,0.009072896,0.006793431,0.018910212,0.005609059,0.008594682,flat,0.005609059
8/13/18,SPY,283.47,285.56,280.16,285.06,69617300,87.56292,4.755905,4.522145,283.5933,54066202.5,1.28763066,0.863222795,flat,flat,8/13/18,31,23004256,283.259258,6508703728,32,18473517,0.987893579,4.639025,1.164037702,80.13389,0.994774229,0.864815992,5.4,1.59,0.018910212,0.005609059,0.012761792,-0.001692286,0.006709987,flat,-0.001692286
8/6/18,SPY,283.64,286.01,282.36,283.16,47500960,80.13389,4.111811,4.329291,283.8433,55027462.5,0.863222795,1.062921956,flat,flat,8/6/18,32,18473517,284.941509,5263762144,24,11733011,0.994774229,4.220551,0.864815992,88.2745,0.989437868,0.980958078,3.65,-0.48,0.012761792,-0.001692286,0.015864063,0.007424248,-0.001551481,flat,0.007424248
7/30/18,SPY,281.51,283.66,279.16,283.6,60705560,88.2745,4.573622,4.601082,282.14,57111963.56,1.062921956,1.131513488,flat,flat,7/30/18,24,11733011,281.600517,3302783294,51,27601325,0.989437868,4.587352,0.980958078,82.35316,0.990921348,1.108917524,4.5,2.09,0.015864063,0.007424248,0.018672856,0.007049562,0.007746429,flat,0.007049562
7/23/18,SPY,279.45,284.37,279.06,281.42,65731979,82.35316,4.647244,4.929663,281.6167,58092086.13,1.131513488,0.978998353,flat,flat,7/23/18,51,27601325,281.876788,7780303018,50,24614597,0.990921348,4.7884535,1.108917524,75.86876,0.995186174,0.612404124,5.31,1.97,0.018672856,0.007049562,0.009851341,0.000143041,0.006221396,flat,0.000143041
7/16/18,SPY,279.64,281.18,278.41,279.68,57778920,75.86876,3.984487,5.061827,279.7567,59018403.69,0.978998353,0.942170954,flat,flat,7/16/18,50,24614597,279.907752,6889539954,35,20772396,0.995186174,4.523157,0.612404124,75.55907,0.992201262,0.666658374,2.77,0.04,0.009851341,0.000143041,0.012253063,0.010992587,0.0003219,flat,0.010992587
7/9/18,SPY,276.55,279.93,276.5,279.59,57586280,75.55907,5.198974,5.091154,278.6733,61120839.88,0.942170954,0.86551896,flat,flat,7/9/18,35,20772396,277.432954,5766356188,33,15176005,0.992201262,5.145064,0.666658374,59.50737,0.984424132,1.218807755,3.43,3.04,0.012253063,0.010992587,0.023926914,0.021928685,0.015140513,up_1,0.021928685
7/2/18,SPY,269.51,275.84,269.24,275.42,57290300,59.50737,5.887949,4.942307,273.5,66191848.63,0.86551896,1.416668908,flat,flat,7/2/18,33,15176005,271.929094,4125608762,0,0,0.984424132,5.415128,1.218807755,28.37137,0.989964666,1.08415985,6.6,5.91,0.023926914,0.021928685,0.019626458,-0.007899356,0.015260985,up_1,-0.007899356
6/25/18,SPY,273.44,273.865,268.49,271.28,97178177,28.37137,5.175897,4.739615,271.2117,68596251.69,1.416668908,0.925857922,flat,flat,1/0/00,0,0,0,0,44,22981630,0.989964666,4.957756,1.08415985,49.63689,0.994666481,0.715565673,5.375,-2.16,0.019626458,-0.007899356,0.011527898,-0.002722422,-0.012593725,dn_1,-0.002722422
6/18/18,SPY,275.49,276.72,273.53,274.74,66381560,49.63689,4.101794,4.814229,274.9967,71697350.56,0.925857922,1.127462313,flat,flat,6/18/18,44,22981630,275.693375,6335792751,121,67581080,0.994666481,4.4580115,0.715565673,75.80055,0.992896293,0.861803812,3.19,-0.75,0.011527898,-0.002722422,0.014777444,-0.004704784,-0.008624111,flat,-0.004704784
6/11/18,SPY,278.44,279.48,275.35,277.13,81486240,75.80055,4.603589,4.980959,277.32,72274025.56,1.127462313,0.822366248,flat,flat,6/11/18,121,67581080,277.996136,18780000000,0,0,0.992896293,4.792274,0.861803812,89.79527,0.990236681,0.786639032,4.13,-1.31,0.014777444,-0.004704784,0.014733362,0.013331876,-0.003810345,flat,0.013331876
6/4/18,SPY,274.53,278.28,274.18,278.19,60872279,89.79527,5.077178,5.346917,276.8833,74020886.88,0.822366248,1.147393669,flat,flat,1/0/00,0,0,0,0,64,34693030,0.990236681,5.2120475,0.786639032,78.14947,0.98525684,1.067985577,4.1,3.66,0.014733362,0.013331876,0.022559685,0.012171211,0.016776316,up_1,0.012171211
5/28/18,SPY,270.31,273.94,267.76,273.6,87591326,78.14947,5.474356,6.098834,271.7667,76339384.06,1.147393669,0.784391878,flat,down,5/28/18,64,34693030,271.702894,9427661733,54,27174487,0.98525684,5.786595,1.067985577,71.23632,0.994077314,0.601314574,6.18,3.29,0.022559685,0.012171211,0.012652689,-0.003150068,0.005327944,flat,-0.003150068
5/21/18,SPY,273.01,274.25,270.78,272.15,61620940,71.23632,4.768712,6.772668,272.3933,78558870.56,0.784391878,0.769401232,down,down,5/21/18,54,27174487,272.774433,7411105210,61,30935783,0.994077314,5.77069,0.601314574,67.34071,0.993439247,0.598990191,3.47,-0.86,0.012652689,-0.003150068,0.014776708,-0.007353479,0.00302215,flat,-0.007353479
5/14/18,SPY,273.34,274.08,270.03,271.33,63334719,67.34071,6.067423,7.455336,271.8133,82316893.13,0.769401232,0.660338624,down,down,5/14/18,61,30935783,272.049675,8415389891,32,14825336,0.993439247,6.7613795,0.598990191,80.87681,0.980644885,1.000592914,4.05,-2.01,0.014776708,-0.007353479,0.029287937,0.022331298,-0.005570826,flat,0.022331298
5/7/18,SPY,266.89,273.15,265.15,272.85,62881120,80.87681,8.084846,7.905673,270.3833,95225567.13,0.660338624,0.970679278,down,flat,5/7/18,32,14825336,268.607697,3981656443,61,30975108,0.980644885,7.9952595,1.000592914,51.93415,0.980062046,1.074704222,8,5.96,0.029287937,0.022331298,0.032998619,-0.004639677,0.025674761,up_2,-0.004639677
4/30/18,SPY,267.26,267.89,259.05,266.02,94057577,51.93415,8.169692,8.281346,264.32,96898717.31,0.970679278,0.828600416,flat,flat,4/30/18,61,30975108,263.991911,8183219637,61,27791177,0.980062046,8.225519,1.074704222,56.43629,0.983856976,0.860224083,8.84,-1.24,0.032998619,-0.004639677,0.026606463,-0.002619172,-0.00202581,flat,-0.002619172
4/23/18,SPY,267.26,267.98,260.85,266.56,81413940,56.43629,7.499384,9.077692,265.13,98254766.06,0.828600416,0.719327458,flat,down,4/23/18,61,27791177,265.31828,7364890395,72,38854964,0.983856976,8.288538,0.860224083,56.73991,0.991674134,0.640886545,7.13,-0.7,0.026606463,-0.002619172,0.020973093,-0.001460674,-0.00018754,flat,-0.001460674
4/16/18,SPY,267,271.3,265.61,266.61,72600001,56.73991,7.868769,9.887884,267.84,100927609.8,0.719327458,0.917366082,down,flat,4/16/18,72,38854964,268.792639,10446000000,65,33688730,0.991674134,8.8783265,0.640886545,51.67927,0.983838613,0.734359543,5.69,-0.39,0.020973093,-0.001460674,0.028406967,0.014462257,0.005506317,flat,0.014462257
4/9/18,SPY,261.37,267.54,259.94,265.15,91225259,51.67927,9.587538,11.11077,264.21,99442589.81,0.917366082,1.440182551,flat,flat,4/9/18,65,33688730,262.921471,8854638133,106,56289893,0.983838613,10.349154,0.734359543,31.93777,0.978208389,1.073224484,7.6,3.78,0.028406967,0.014462257,0.044891989,-0.010778899,0.020907131,up_2,-0.010778899
4/2/18,SPY,262.55,266.64,254.67,259.72,138426440,31.93777,11.35508,10.95153,260.3433,96117287.31,1.440182551,1.483250735,flat,flat,4/2/18,106,56289893,262.428075,14758000000,90,48709058,0.978208389,11.153305,1.073224484,38.57442,0.9838175,0.752732446,11.97,-2.83,0.044891989,-0.010778899,0.030700604,0.003891199,-0.013034391,dn_1,0.003891199
3/26/18,SPY,262.13,266.77,258.58,263.15,135648626,38.57442,10.74015,11.02057,262.8333,91453604.44,1.483250735,1.302476934,flat,flat,3/26/18,90,48709058,260.381672,12681000000,127,69060647,0.9838175,10.88036,0.752732446,22.63956,0.978754242,1.375306892,8.19,1.02,0.030700604,0.003891199,0.060386297,-0.055972197,0.019763612,up_2,-0.055972197
3/19/18,SPY,273.35,274.4,257.83,258.05,115999142,22.63956,12.7603,11.33614,263.4267,89060419.38,1.302476934,1.009644144,flat,flat,3/19/18,127,69060647,267.735536,18486000000,135,81018354,0.978754242,12.04822,1.375306892,50.04975,0.992361991,0.640682184,16.57,-15.3,0.060386297,-0.055972197,0.022360116,-0.017908309,-0.058898614,dn_2,-0.017908309
3/12/18,SPY,279.2,280.41,274.14,274.2,90713040,50.04975,8.950607,10.62228,276.25,89846546.94,1.009644144,0.994462895,flat,flat,3/12/18,135,81018354,276.561302,22394000000,101,52930213,0.992361991,9.7864435,0.640682184,65.2878,0.972714488,0.950280738,6.27,-5,0.022360116,-0.017908309,0.040377237,0.041609084,-0.016746154,dn_1,0.041609084
3/5/18,SPY,267.73,278.87,267.61,278.87,88822060,65.2878,11.63121,12.06705,275.1167,89316615.44,0.994462895,1.41631011,flat,flat,3/5/18,101,52930213,272.950512,14448000000,101,51217086,0.972714488,11.84913,0.950280738,39.57817,0.977411973,1.124781326,11.26,11.14,0.040377237,0.041609084,0.05055213,-0.024825137,0.036383232,up_2,-0.024825137
2/26/18,SPY,275.93,278.92,264.82,269.08,124687281,39.57817,12.00243,13.06911,270.94,88036709,1.41631011,1.143587089,flat,flat,2/26/18,101,51217086,272.941959,13970000000,65,38779130,0.977411973,12.53577,1.124781326,55.27322,0.987608017,0.460550036,14.1,-6.85,0.05055213,-0.024825137,0.018491555,0.009851855,-0.020494339,dn_2,0.009851855
2/19/18,SPY,272.03,274.72,269.64,274.71,97132724,55.27322,9.904858,12.15572,273.0233,84936884.06,1.143587089,1.516390499,flat,up,2/19/18,65,38779130,271.26766,10518000000,169,95964685,0.987608017,11.030289,0.460550036,51.6398,0.969003444,1.059278086,5.08,2.68,0.018491555,0.009851855,0.049614993,0.035174165,0.005858445,flat,0.035174165
2/12/18,SPY,263.83,275.32,261.66,273.11,123463080,51.6398,14.72972,11.06143,270.03,81419054.06,1.516390499,3.933769699,up,up,2/12/18,169,95964685,269.098467,25842000000,335,189795877,0.969003444,12.895575,1.059278086,20.33196,0.960127673,1.898784438,13.66,9.28,0.049614993,0.035174165,0.083124887,-0.043700859,0.044397706,up_2,-0.043700859
2/5/18,SPY,273.45,275.85,252.92,261.5,269419904,20.33196,15.63943,8.512864,263.4233,68488987.56,3.933769699,1.873370522,up,up,2/5/18,335,189795877,266.934835,50619000000,108,60117483,0.960127673,12.076147,1.898784438,42.23332,0.9867906,1.556267692,22.93,-11.95,0.083124887,-0.043700859,0.038473624,-0.036652327,-0.0506444,dn_2,-0.036652327
1/29/18,SPY,285.93,286.43,275.41,275.45,120827980,42.23332,8.348861,5.813227,279.0967,64497641.31,1.873370522,1.638568787,up,up,1/29/18,108,60117483,282.669407,16982000000,121,84284760,0.9867906,7.081044,1.556267692,98.89695,0.984777106,1.256664466,11.02,-10.48,0.038473624,-0.036652327,0.022747096,0.022878966,-0.038837323,dn_2,0.022878966
1/22/18,SPY,280.17,286.63,280.11,286.58,103110720,98.89695,5.527721,4.848955,284.44,62927306.31,1.638568787,1.955717136,up,up,1/22/18,121,84284760,283.328223,23880000000,185,128542444,0.984777106,5.188338,1.256664466,97.81207,0.989892473,0.986778682,6.52,6.41,0.022747096,0.022878966,0.015085054,0.003794523,0.022003495,up_2,0.003794523
1/15/18,SPY,279.35,280.41,276.18,280.41,115365500,97.81207,4.535442,4.037909,279,58988847.56,1.955717136,1.170711627,up,flat,1/15/18,185,128542444,278.922391,35864000000,69,41943564,0.989892473,4.2866755,0.986778682,97.0248,0.987707221,1.234361925,4.23,1.06,0.015085054,0.003794523,0.018661681,0.016867294,0.008959413,flat,0.016867294
1/8/18,SPY,273.31,278.11,272.92,277.92,67464940,97.0248,4.840885,3.568318,276.3167,57627291.31,1.170711627,1.511681128,flat,up,1/8/18,69,41943564,274.990017,11540000000,81,40881623,0.987707221,4.2046015,1.234361925,94.74786,0.985043837,1.60921516,5.19,4.61,0.018661681,0.016867294,0.022517912,0.020833333,0.016458196,up_1,0.020833333
1/1/18,SPY,267.84,273.56,267.4,273.42,85221600,94.74786,4.49177,3.164136,271.46,56375381.31,1.511681128,1.078409388,up,flat,1/1/18,81,40881623,270.221074,11052000000,87,40517092,0.985043837,3.827953,1.60921516,79.50305,0.997344305,0.708153329,6.16,5.58,0.022517912,0.020833333,0.00711227,-0.000711477,0.024582178,up_2,-0.000711477
12/25/17,SPY,267.05,268.55,266.64,266.86,61029700,79.50305,2.283539,3.110773,267.35,56592330.06,1.078409388,1.41571127,flat,flat,12/25/17,87,40517092,267.430351,10836000000,105,55518856,0.997344305,2.697156,0.708153329,98.36277,0.996599402,0.605040782,1.91,-0.19,0.00711227,-0.000711477,0.007110946,-0.002200671,-0.002429816,flat,-0.002200671
12/18/17,SPY,268.1,268.6,266.69,267.51,77708181,98.36277,2.657079,3.656545,267.6,54889851.25,1.41571127,1.942885492,flat,up,12/18/17,105,55518856,267.619452,14856000000,220,135777869,0.996599402,3.156812,0.605040782,97.83635,0.995884598,0.625608401,1.91,-0.59,0.007110946,-0.002200671,0.00811033,0.00350177,0.003752204,flat,0.00350177
12/11/17,SPY,265.58,267.56,265.39,266.51,103291081,97.83635,3.224157,3.71309,266.4867,53163751.25,1.942885492,1.533865292,up,up,12/11/17,220,135777869,266.139311,36134000000,120,59983382,0.995884598,3.4686235,0.625608401,97.24602,0.991333427,1.026091963,2.17,0.93,0.00811033,0.00350177,0.015329835,-0.003004018,0.003766336,flat,-0.003004018
12/4/17,SPY,266.31,266.8,262.71,265.51,80343156,97.24602,4.278315,3.69368,265.0067,52379538.44,1.533865292,2.090012241,up,up,12/4/17,120,59983382,263.854533,15827000000,127,65952796,0.991333427,3.9859975,1.026091963,96.59588,0.98670491,1.549000056,4.09,-0.8,0.015329835,-0.003004018,0.022740086,0.015552398,0.003970355,flat,0.015552398
11/27/17,SPY,260.41,266.05,260,264.46,104208778,96.59588,4.46663,3.344861,263.5033,49860367.31,2.090012241,0.940098466,up,flat,11/27/17,127,65952796,262.265098,17287000000,46,26345302,0.98670491,3.9057455,1.549000056,91.16857,0.993424811,0.902595323,6.05,4.05,0.022740086,0.015552398,0.010058354,0.008599985,0.015747427,up_1,0.008599985
11/20/17,SPY,258.14,260.48,257.86,260.36,47535525,91.16857,2.883259,2.922222,259.5667,50564410.75,0.940098466,1.291957707,flat,flat,11/20/17,46,26345302,259.167196,6824617357,58,40927573,0.993424811,2.9027405,0.902595323,74.90332,0.992699313,1.107419352,2.62,2.22,0.010058354,0.008599985,0.01316399,0.0021375,0.009695183,up_1,0.0021375
11/13/17,SPY,257.31,259.04,255.63,257.86,67177800,74.90332,3.146518,3.011944,257.51,51996903.31,1.291957707,1.191569424,flat,flat,11/13/17,58,40927573,257.946355,10558000000,71,37169513,0.992699313,3.079231,1.107419352,84.44191,0.993900361,1.038749165,3.41,0.55,0.01316399,0.0021375,0.011528822,-0.000813008,-0.000891162,flat,-0.000813008
11/6/17,SPY,258.3,259.35,256.36,258.09,62538840,84.44191,2.883037,2.873887,257.9333,52484428.31,1.191569424,1.089466645,flat,flat,11/6/17,71,37169513,258.658127,9614470372,33,18647208,0.993900361,2.878462,1.038749165,97.38227,0.994089168,0.835617112,2.99,-0.21,0.011528822,-0.000813008,0.00893617,0.005368188,-0.001392919,flat,0.005368188
10/30/17,SPY,257.07,258.5,256.19,258.45,56966440,97.38227,2.776073,2.752775,257.7133,52288374.56,1.089466645,1.535480746,flat,up,10/30/17,33,18647208,257.589852,4804000411,88,57953201,0.994089168,2.764424,0.835617112,96.6864,0.990124869,1.276414856,2.31,1.38,0.00893617,0.005368188,0.015083951,0.000893273,0.002871445,flat,0.000893273
10/23/17,SPY,257.48,257.89,254,257.71,77985360,96.6864,3.242147,2.85305,256.5333,50788888.25,1.535480746,1.030384398,up,flat,10/23/17,88,57953201,256.110156,14849000000,59,37727509,0.990124869,3.0475985,1.276414856,96.13037,0.992779079,1.041454169,3.89,0.23,0.015083951,0.000893273,0.010850121,0.007444849,0.002333632,flat,0.007444849
10/16/17,SPY,255.21,257.14,254.35,257.11,52350160,96.13037,2.594293,2.7636,256.2,50806437,1.030384398,0.895143575,flat,flat,10/16/17,59,37727509,253.719395,9615806622,37,18871247,0.992779079,2.6789465,1.041454169,93.52118,0.99617749,0.629641297,2.79,1.9,0.010850121,0.007444849,0.006346222,0.001256725,0.008472249,flat,0.001256725
10/9/17,SPY,254.63,255.27,253.65,254.95,45680040,93.52118,2.398587,2.7472,254.6233,51030964.5,0.895143575,1.294562065,flat,flat,10/9/17,37,18871247,254.617889,4805308324,79,45858210,0.99617749,2.5728935,0.629641297,92.63182,0.9914647,1.087446483,1.62,0.32,0.006346222,0.001256725,0.0133883,0.011451748,0.002280143,flat,0.011451748
10/2/17,SPY,251.49,254.7,251.29,254.37,65191040,92.63182,3.177173,3.0944,253.4533,50357601.06,1.294562065,1.255838517,flat,flat,10/2/17,79,45858210,253.241235,11623000000,54,34550487,0.9914647,3.1357865,1.087446483,85.39671,0.991487151,1.054834119,3.41,2.88,0.0133883,0.011451748,0.012891931,0.008348385,0.012498507,up_1,0.008348385
9/25/17,SPY,249.15,251.32,248.08,251.23,64500880,85.39671,2.884347,3.258799,250.21,51360807.25,1.255838517,0.973904598,flat,flat,9/25/17,54,34550487,249.817513,8633808866,59,32638658,0.991487151,3.071573,1.054834119,76.70262,0.997608577,0.405667073,3.24,2.08,0.012891931,0.008348385,0.005076142,-0.000681062,0.007176074,flat,-0.000681062
9/18/17,SPY,249.61,250.19,248.92,249.44,50468520,76.70262,2.528693,3.732599,249.5167,51820804.75,0.973904598,1.461198151,flat,flat,9/18/17,59,32638658,249.684622,8149597578,85,58618940,0.997608577,3.130646,0.405667073,75.33538,0.995357913,0.580252445,1.27,-0.17,0.005076142,-0.000681062,0.009188239,0.004636349,0.001003251,flat,0.004636349
9/11/17,SPY,248.04,250.32,248.02,249.19,75673481,75.33538,3.787386,4.140198,249.1767,51788650.94,1.461198151,1.306421654,flat,flat,9/11/17,85,58618940,249.270327,14619000000,42,24152862,0.995357913,3.963792,0.580252445,58.30465,0.994317029,0.629888992,2.3,1.15,0.009188239,0.004636349,0.010382999,-0.002750142,0.0105848,up_1,-0.002750142
9/4/17,SPY,247.26,247.52,244.95,246.58,67795751,58.30465,3.834772,4.325396,246.35,51894234,1.306421654,1.334061887,flat,flat,9/4/17,42,24152862,247.061333,5967344247,45,27646214,0.994317029,4.080084,0.629888992,74.96362,0.986050469,1.191022995,2.57,-0.68,0.010382999,-0.002750142,0.021745258,0.010890403,-0.005083925,flat,0.010890403
8/28/17,SPY,245.17,248.33,242.93,247.84,63902040,74.96362,4.779544,4.288291,246.3667,47900356.5,1.334061887,1.329559396,flat,flat,8/28/17,45,27646214,246.103351,6801145789,37,23567000,0.986050469,4.5339175,1.191022995,50.33869,0.991093153,0.972646436,5.4,2.67,0.021745258,0.010890403,0.01543034,0.007912957,0.013411842,up_1,0.007912957
8/21/17,SPY,242.64,245.62,241.83,244.56,58800220,50.33869,4.159089,3.634082,244.0033,44225342.75,1.329559396,2.334485312,flat,up,8/21/17,37,23567000,243.987351,5748118384,41,38400000,0.991093153,3.8965855,0.972646436,21.19292,0.991972477,1.368354895,3.79,1.92,0.01543034,0.007912957,0.021690835,-0.011726862,0.007622265,flat,-0.011726862
8/14/17,SPY,245.59,247.57,242.2,242.71,90097681,21.19292,4.528177,3.320664,244.16,38594237.69,2.334485312,2.05682109,up,up,8/14/17,41,38400000,244.914,9390290228,25,16116000,0.991972477,3.9244205,1.368354895,30.19812,0.992357988,1.544234005,5.37,-2.88,0.021690835,-0.011726862,0.02093126,-0.013616712,-0.005775848,flat,-0.013616712
8/7/17,SPY,247.49,248.91,243.7,244.12,70339240,30.19812,3.686354,3.061328,245.5767,34198035.19,2.05682109,1.745804223,up,up,8/7/17,25,16116000,246.877268,3972671225,24,26010000,0.992357988,3.373841,1.544234005,89.07459,0.996682714,0.529814766,5.21,-3.37,0.02093126,-0.013616712,0.005730659,0.000161701,-0.013297765,dn_1,0.000161701
7/31/17,SPY,247.37,247.79,246.37,247.41,53829580,89.07459,2.162708,3.197656,247.19,30833686.44,1.745804223,1.966328215,up,up,7/31/17,24,26010000,247.165625,6427794111,39,24722000,0.996682714,2.680182,0.529814766,86.38519,0.995206659,0.725200563,1.42,0.04,0.005730659,0.000161701,0.009354839,0.000486243,0.002025029,flat,0.000486243
7/24/17,SPY,246.79,248,245.68,246.91,53993579,86.38519,2.905417,3.492813,246.8633,27459087.75,1.966328215,2.177562823,up,up,7/24/17,39,24722000,246.949513,6104482561,28,37894000,0.995206659,3.199115,0.725200563,86.2498,0.993288089,0.767196572,2.32,0.12,0.009354839,0.000486243,0.011114704,0.005744083,0.000121517,flat,0.005744083